LOCATION,ds,y
AUS,2003-01-01,100.62020000000001
AUS,2004-01-01,100.43055833333334
AUS,2005-01-01,99.58132916666666
AUS,2006-01-01,99.85805333333333
AUS,2007-01-01,100.354375
AUS,2008-01-01,98.77758416666667
AUS,2009-01-01,99.31354166666667
AUS,2010-01-01,100.05592083333333
AUS,2011-01-01,99.90127749999999
AUS,2012-01-01,100.02805583333334
AUS,2013-01-01,100.12839166666667
AUS,2014-01-01,100.17266333333333
AUS,2015-01-01,100.642
AUS,2016-01-01,100.98573333333333
AUS,2017-01-01,101.49197500000001
AUS,2018-01-01,101.52346666666666
AUS,2019-01-01,101.25365
AUS,2020-01-01,99.57160416666666
AUS,2021-01-01,101.1693
AUS,2022-01-01,101.03305636363638
AUT,2003-01-01,99.37269545454546
AUT,2004-01-01,100.67545833333332
AUT,2005-01-01,99.89383083333333
AUT,2006-01-01,101.923925
AUT,2007-01-01,102.2303
AUT,2008-01-01,99.40279833333334
AUT,2009-01-01,96.111645
AUT,2010-01-01,99.60161333333333
AUT,2011-01-01,100.0148075
AUT,2012-01-01,99.28537166666666
AUT,2013-01-01,99.28843
AUT,2014-01-01,99.63799583333333
AUT,2015-01-01,99.46171416666668
AUT,2016-01-01,99.75541166666666
AUT,2017-01-01,101.56375000000001
AUT,2018-01-01,101.98916666666666
AUT,2019-01-01,99.85037999999999
AUT,2020-01-01,97.99880416666667
AUT,2021-01-01,102.40303083333333
AUT,2022-01-01,101.04984916666666
BEL,2003-01-01,98.71633818181817
BEL,2004-01-01,100.968925
BEL,2005-01-01,99.99843750000001
BEL,2006-01-01,102.10094166666666
BEL,2007-01-01,101.78432500000001
BEL,2008-01-01,99.9159325
BEL,2009-01-01,97.57930416666666
BEL,2010-01-01,100.49390666666666
BEL,2011-01-01,100.41461333333332
BEL,2012-01-01,99.03224416666667
BEL,2013-01-01,99.50153666666667
BEL,2014-01-01,100.34460083333333
BEL,2015-01-01,100.4964925
BEL,2016-01-01,100.74310000000001
BEL,2017-01-01,101.09071666666667
BEL,2018-01-01,101.40450833333334
BEL,2019-01-01,100.22463833333335
BEL,2020-01-01,98.90983666666666
BEL,2021-01-01,102.31372499999999
BEL,2022-01-01,100.02070833333333
BRA,2003-01-01,99.60330818181818
BRA,2004-01-01,102.05296666666668
BRA,2005-01-01,100.32940916666666
BRA,2006-01-01,100.66975000000001
BRA,2007-01-01,102.42530833333332
BRA,2008-01-01,101.59927666666665
BRA,2009-01-01,99.49022500000001
BRA,2010-01-01,102.87672500000001
BRA,2011-01-01,101.554375
BRA,2012-01-01,100.94160833333332
BRA,2013-01-01,100.99245833333333
BRA,2014-01-01,98.95657083333333
BRA,2015-01-01,96.59443166666667
BRA,2016-01-01,97.40363833333333
BRA,2017-01-01,99.16219666666666
BRA,2018-01-01,100.23663416666666
BRA,2019-01-01,99.93163833333334
BRA,2020-01-01,99.41771666666666
BRA,2021-01-01,101.44816666666667
BRA,2022-01-01,100.02216666666668
CAN,2003-01-01,99.65635454545455
CAN,2004-01-01,100.55098666666667
CAN,2005-01-01,101.55307499999999
CAN,2006-01-01,100.75709166666667
CAN,2007-01-01,100.76703333333334
CAN,2008-01-01,98.9681475
CAN,2009-01-01,95.68619666666666
CAN,2010-01-01,100.44971833333334
CAN,2011-01-01,101.6709
CAN,2012-01-01,100.19761916666666
CAN,2013-01-01,99.14201583333333
CAN,2014-01-01,100.57503750000001
CAN,2015-01-01,99.93126666666667
CAN,2016-01-01,99.343845
CAN,2017-01-01,100.649885
CAN,2018-01-01,100.915055
CAN,2019-01-01,99.02814916666667
CAN,2020-01-01,96.45630583333333
CAN,2021-01-01,100.61025916666667
CAN,2022-01-01,101.870617
CHE,2003-01-01,98.67354818181819
CHE,2004-01-01,100.25318750000001
CHE,2005-01-01,100.538775
CHE,2006-01-01,101.88395833333334
CHE,2007-01-01,102.33964166666665
CHE,2008-01-01,100.7933675
CHE,2009-01-01,97.51500583333332
CHE,2010-01-01,101.051605
CHE,2011-01-01,100.72459166666665
CHE,2012-01-01,99.91711916666667
CHE,2013-01-01,100.25339000000001
CHE,2014-01-01,100.41244333333333
CHE,2015-01-01,99.38527916666668
CHE,2016-01-01,99.7634425
CHE,2017-01-01,100.87323333333332
CHE,2018-01-01,102.0012
CHE,2019-01-01,100.75909999999999
CHE,2020-01-01,99.28832833333333
CHE,2021-01-01,102.009475
CHE,2022-01-01,101.96566666666666
CHL,2003-01-01,101.8413
CHL,2004-01-01,102.744725
CHL,2005-01-01,102.33535
CHL,2006-01-01,101.52276666666667
CHL,2007-01-01,101.55269166666666
CHL,2008-01-01,98.54190166666666
CHL,2009-01-01,96.51906916666667
CHL,2010-01-01,103.81709166666667
CHL,2011-01-01,102.33853333333333
CHL,2012-01-01,101.73947500000001
CHL,2013-01-01,100.93960333333332
CHL,2014-01-01,97.57901416666668
CHL,2015-01-01,96.89276083333333
CHL,2016-01-01,96.77804583333334
CHL,2017-01-01,97.89395
CHL,2018-01-01,100.830215
CHL,2019-01-01,98.398455
CHL,2020-01-01,98.15226083333333
CHL,2021-01-01,103.55276666666667
CHL,2022-01-01,98.323605
CHN,2003-01-01,103.59107545454545
CHN,2004-01-01,103.06883333333333
CHN,2005-01-01,101.86794166666668
CHN,2006-01-01,102.30312500000001
CHN,2007-01-01,102.65990833333335
CHN,2008-01-01,98.72245416666668
CHN,2009-01-01,100.75714666666666
CHN,2010-01-01,101.62576666666666
CHN,2011-01-01,99.63970916666666
CHN,2012-01-01,99.02263583333333
CHN,2013-01-01,99.04589666666668
CHN,2014-01-01,99.00134833333334
CHN,2015-01-01,98.31079999999999
CHN,2016-01-01,98.67319833333333
CHN,2017-01-01,99.77287583333333
CHN,2018-01-01,99.18438833333333
CHN,2019-01-01,98.08167916666667
CHN,2020-01-01,98.3890275
CHN,2021-01-01,98.88346083333333
CHN,2022-01-01,97.770755
COL,2003-01-01,100.28157363636365
COL,2004-01-01,102.03497499999999
COL,2005-01-01,100.95938333333334
COL,2006-01-01,104.02595000000001
COL,2007-01-01,102.99338333333333
COL,2008-01-01,97.21744833333332
COL,2009-01-01,96.18037083333333
COL,2010-01-01,100.47013
COL,2011-01-01,101.927775
COL,2012-01-01,100.54397916666666
COL,2013-01-01,99.359125
COL,2014-01-01,100.98161666666668
COL,2015-01-01,100.48429499999999
COL,2016-01-01,100.85689166666667
COL,2017-01-01,98.64604916666667
COL,2018-01-01,100.36538916666666
COL,2019-01-01,101.88190833333333
COL,2020-01-01,97.50330583333334
COL,2021-01-01,102.40853333333332
COL,2022-01-01,102.33074166666667
CZE,2003-01-01,100.93158181818181
CZE,2004-01-01,102.065
CZE,2005-01-01,101.63586666666667
CZE,2006-01-01,102.51894166666666
CZE,2007-01-01,103.32315833333332
CZE,2008-01-01,100.23465583333332
CZE,2009-01-01,95.83564916666667
CZE,2010-01-01,100.551385
CZE,2011-01-01,100.71731166666666
CZE,2012-01-01,98.82293083333333
CZE,2013-01-01,98.891225
CZE,2014-01-01,100.33306666666665
CZE,2015-01-01,100.57330833333333
CZE,2016-01-01,100.82689166666667
CZE,2017-01-01,100.75306666666667
CZE,2018-01-01,100.46179166666667
CZE,2019-01-01,99.33828916666666
CZE,2020-01-01,97.35668166666666
CZE,2021-01-01,99.4592275
CZE,2022-01-01,99.29646666666667
DEU,2003-01-01,98.98392272727273
DEU,2004-01-01,100.00056666666666
DEU,2005-01-01,99.93752666666667
DEU,2006-01-01,101.47453333333334
DEU,2007-01-01,101.83596666666666
DEU,2008-01-01,100.04911666666668
DEU,2009-01-01,97.21142583333334
DEU,2010-01-01,100.84235083333334
DEU,2011-01-01,101.56885
DEU,2012-01-01,100.04364583333334
DEU,2013-01-01,100.31417666666665
DEU,2014-01-01,100.62322499999999
DEU,2015-01-01,100.624175
DEU,2016-01-01,100.64431666666667
DEU,2017-01-01,101.95068333333334
DEU,2018-01-01,102.01115
DEU,2019-01-01,99.87814250000001
DEU,2020-01-01,99.18483833333333
DEU,2021-01-01,102.85493333333334
DEU,2022-01-01,102.190525
DNK,2003-01-01,98.8492990909091
DNK,2004-01-01,100.50007166666667
DNK,2005-01-01,99.98662333333334
DNK,2006-01-01,101.52133333333335
DNK,2007-01-01,100.76639999999999
DNK,2008-01-01,98.60049166666666
DNK,2009-01-01,96.90878416666668
DNK,2010-01-01,100.53272416666665
DNK,2011-01-01,100.59733333333334
DNK,2012-01-01,100.16739166666667
DNK,2013-01-01,100.31607916666667
DNK,2014-01-01,99.9957525
DNK,2015-01-01,99.78945333333333
DNK,2016-01-01,100.373
DNK,2017-01-01,101.4996
DNK,2018-01-01,101.487375
DNK,2019-01-01,100.38558416666666
DNK,2020-01-01,99.49028500000001
DNK,2021-01-01,102.05935
DNK,2022-01-01,100.28296666666667
ESP,2003-01-01,100.8801
ESP,2004-01-01,101.35293333333334
ESP,2005-01-01,100.92715
ESP,2006-01-01,101.47856666666667
ESP,2007-01-01,101.711525
ESP,2008-01-01,98.10661583333332
ESP,2009-01-01,95.97583666666667
ESP,2010-01-01,98.84015166666667
ESP,2011-01-01,99.04060166666666
ESP,2012-01-01,98.31269583333334
ESP,2013-01-01,99.04822583333333
ESP,2014-01-01,100.22444666666667
ESP,2015-01-01,101.574
ESP,2016-01-01,101.328725
ESP,2017-01-01,101.95778333333334
ESP,2018-01-01,101.62430833333333
ESP,2019-01-01,101.0151
ESP,2020-01-01,99.02849916666666
ESP,2021-01-01,101.83466666666668
ESP,2022-01-01,101.54118333333334
EST,2003-01-01,102.93409090909091
EST,2004-01-01,102.99878333333334
EST,2005-01-01,103.89545
EST,2006-01-01,105.89164166666666
EST,2007-01-01,103.96778333333333
EST,2008-01-01,95.550815
EST,2009-01-01,90.91273833333334
EST,2010-01-01,99.00574916666666
EST,2011-01-01,100.83586583333333
EST,2012-01-01,99.16465416666666
EST,2013-01-01,99.00499583333334
EST,2014-01-01,98.72537916666666
EST,2015-01-01,98.39670000000001
EST,2016-01-01,99.78216666666667
EST,2017-01-01,101.858975
EST,2018-01-01,101.368575
EST,2019-01-01,97.4796075
EST,2020-01-01,95.16688916666668
EST,2021-01-01,104.09598333333334
EST,2022-01-01,99.63943666666667
FIN,2003-01-01,99.1886581818182
FIN,2004-01-01,100.54850833333334
FIN,2005-01-01,101.11037499999999
FIN,2006-01-01,102.36995
FIN,2007-01-01,102.728725
FIN,2008-01-01,98.93980166666667
FIN,2009-01-01,96.0448425
FIN,2010-01-01,100.05689166666667
FIN,2011-01-01,99.73394083333334
FIN,2012-01-01,98.54939
FIN,2013-01-01,98.38804166666667
FIN,2014-01-01,98.53870416666666
FIN,2015-01-01,98.44009916666666
FIN,2016-01-01,98.78685166666666
FIN,2017-01-01,101.10816666666666
FIN,2018-01-01,101.51519166666667
FIN,2019-01-01,99.36950916666666
FIN,2020-01-01,97.5001625
FIN,2021-01-01,101.97791333333333
FIN,2022-01-01,100.80298166666667
FRA,2003-01-01,99.63185090909091
FRA,2004-01-01,100.64270833333335
FRA,2005-01-01,99.93252833333332
FRA,2006-01-01,101.30495
FRA,2007-01-01,101.88935833333333
FRA,2008-01-01,99.53332499999999
FRA,2009-01-01,96.67398000000001
FRA,2010-01-01,99.82356750000001
FRA,2011-01-01,100.82006333333334
FRA,2012-01-01,99.03853166666666
FRA,2013-01-01,99.3366275
FRA,2014-01-01,99.75512250000001
FRA,2015-01-01,100.3273075
FRA,2016-01-01,100.6053
FRA,2017-01-01,101.68603333333334
FRA,2018-01-01,101.70055
FRA,2019-01-01,100.40585
FRA,2020-01-01,98.82058
FRA,2021-01-01,101.48209083333334
FRA,2022-01-01,101.07143416666666
GBR,2003-01-01,98.33013545454546
GBR,2004-01-01,100.87049166666667
GBR,2005-01-01,99.31544666666667
GBR,2006-01-01,100.3940675
GBR,2007-01-01,101.76401666666668
GBR,2008-01-01,98.89115583333334
GBR,2009-01-01,95.82410499999999
GBR,2010-01-01,99.99659583333333
GBR,2011-01-01,100.69872333333335
GBR,2012-01-01,100.214925
GBR,2013-01-01,101.08764583333334
GBR,2014-01-01,102.299875
GBR,2015-01-01,101.23936666666667
GBR,2016-01-01,101.18465833333333
GBR,2017-01-01,103.103425
GBR,2018-01-01,102.21381666666667
GBR,2019-01-01,99.45751
GBR,2020-01-01,97.0271325
GBR,2021-01-01,103.55611916666668
GBR,2022-01-01,102.61384166666666
GRC,2003-01-01,101.23404272727272
GRC,2004-01-01,101.40423333333332
GRC,2005-01-01,99.5125425
GRC,2006-01-01,102.10452500000001
GRC,2007-01-01,102.48898333333334
GRC,2008-01-01,99.15324
GRC,2009-01-01,93.55254000000001
GRC,2010-01-01,94.57850083333334
GRC,2011-01-01,94.76384583333333
GRC,2012-01-01,94.99720583333334
GRC,2013-01-01,98.0590925
GRC,2014-01-01,99.96817499999999
GRC,2015-01-01,96.4915875
GRC,2016-01-01,98.95998833333334
GRC,2017-01-01,99.67769833333334
GRC,2018-01-01,100.92373333333335
GRC,2019-01-01,101.18855
GRC,2020-01-01,98.47101166666666
GRC,2021-01-01,101.92385833333333
GRC,2022-01-01,101.73608666666667
HUN,2003-01-01,98.97337727272726
HUN,2004-01-01,99.34715333333334
HUN,2005-01-01,98.14079
HUN,2006-01-01,100.22625083333332
HUN,2007-01-01,100.46439166666666
HUN,2008-01-01,98.04938416666666
HUN,2009-01-01,95.46805333333333
HUN,2010-01-01,99.83252083333333
HUN,2011-01-01,100.02580999999999
HUN,2012-01-01,98.90737333333334
HUN,2013-01-01,99.47612333333332
HUN,2014-01-01,101.46026666666667
HUN,2015-01-01,101.84160000000001
HUN,2016-01-01,101.49576666666667
HUN,2017-01-01,102.27463333333333
HUN,2018-01-01,103.51080833333333
HUN,2019-01-01,101.762525
HUN,2020-01-01,97.31434583333333
HUN,2021-01-01,101.30541666666666
HUN,2022-01-01,100.34321
IDN,2003-01-01,98.9298490909091
IDN,2004-01-01,100.24941
IDN,2005-01-01,99.793405
IDN,2006-01-01,100.44371416666667
IDN,2007-01-01,101.65785
IDN,2008-01-01,101.36130416666667
IDN,2009-01-01,100.7430125
IDN,2010-01-01,100.56710833333334
IDN,2011-01-01,100.61581666666666
IDN,2012-01-01,100.54719166666666
IDN,2013-01-01,100.39804583333334
IDN,2014-01-01,100.2462825
IDN,2015-01-01,98.94985666666666
IDN,2016-01-01,99.6514925
IDN,2017-01-01,102.13980833333333
IDN,2018-01-01,100.14355166666667
IDN,2019-01-01,99.08250500000001
IDN,2020-01-01,97.86520916666666
IDN,2021-01-01,98.8935375
IDN,2022-01-01,98.97952249999999
IND,2003-01-01,101.16574909090909
IND,2004-01-01,102.53363333333334
IND,2005-01-01,102.66660833333333
IND,2006-01-01,103.36680833333334
IND,2007-01-01,103.07345833333333
IND,2008-01-01,100.24744833333334
IND,2009-01-01,96.81513833333334
IND,2010-01-01,102.00698333333332
IND,2011-01-01,101.01135833333335
IND,2012-01-01,99.14245416666667
IND,2013-01-01,97.56760416666667
IND,2014-01-01,98.54116416666666
IND,2015-01-01,98.08219166666667
IND,2016-01-01,97.6956325
IND,2017-01-01,98.8433875
IND,2018-01-01,99.58255333333334
IND,2019-01-01,96.30233333333332
IND,2020-01-01,95.74527083333334
IND,2021-01-01,102.58920666666667
IND,2022-01-01,103.57885999999999
IRL,2003-01-01,97.63803909090907
IRL,2004-01-01,98.95618416666667
IRL,2005-01-01,99.24126833333332
IRL,2006-01-01,101.48982916666667
IRL,2007-01-01,101.210675
IRL,2008-01-01,97.25351666666667
IRL,2009-01-01,92.48469999999999
IRL,2010-01-01,99.68068333333333
IRL,2011-01-01,100.6619
IRL,2012-01-01,99.87710583333335
IRL,2013-01-01,100.11553583333334
IRL,2014-01-01,102.45688333333334
IRL,2015-01-01,102.66948333333333
IRL,2016-01-01,101.81468333333333
IRL,2017-01-01,101.58607
IRL,2018-01-01,102.87844166666667
IRL,2019-01-01,100.05061916666666
IRL,2020-01-01,95.74594666666667
IRL,2021-01-01,101.69320083333332
IRL,2022-01-01,99.34462833333333
ISR,2003-01-01,97.79307636363637
ISR,2004-01-01,100.92529
ISR,2005-01-01,101.27613333333333
ISR,2006-01-01,101.93762500000001
ISR,2007-01-01,102.38398333333333
ISR,2008-01-01,101.23787499999999
ISR,2009-01-01,97.16124333333333
ISR,2010-01-01,101.608325
ISR,2011-01-01,98.4114
ISR,2012-01-01,97.41154999999999
ISR,2013-01-01,98.77739583333333
ISR,2014-01-01,99.13366083333334
ISR,2015-01-01,99.35712416666667
ISR,2016-01-01,100.91299166666666
ISR,2017-01-01,101.64708333333334
ISR,2018-01-01,101.45570833333333
ISR,2019-01-01,101.62404166666666
ISR,2020-01-01,100.40254750000001
ISR,2021-01-01,101.999575
ISR,2022-01-01,102.3395
ITA,2003-01-01,100.35960909090909
ITA,2004-01-01,100.58710833333333
ITA,2005-01-01,100.30441333333333
ITA,2006-01-01,101.648125
ITA,2007-01-01,101.5265
ITA,2008-01-01,99.74182083333334
ITA,2009-01-01,97.64475916666667
ITA,2010-01-01,100.26436166666667
ITA,2011-01-01,100.2841325
ITA,2012-01-01,98.77812416666666
ITA,2013-01-01,99.480325
ITA,2014-01-01,100.29625833333334
ITA,2015-01-01,100.7435
ITA,2016-01-01,100.62808333333334
ITA,2017-01-01,101.44929166666667
ITA,2018-01-01,101.21603333333333
ITA,2019-01-01,100.34174166666666
ITA,2020-01-01,98.63952499999999
ITA,2021-01-01,101.70142499999999
ITA,2022-01-01,101.21914166666666
JPN,2003-01-01,99.43292727272727
JPN,2004-01-01,101.03121666666668
JPN,2005-01-01,101.03270833333333
JPN,2006-01-01,101.33268333333332
JPN,2007-01-01,101.27704999999999
JPN,2008-01-01,100.06086499999999
JPN,2009-01-01,97.47818416666667
JPN,2010-01-01,99.66826416666667
JPN,2011-01-01,100.01678
JPN,2012-01-01,99.9230975
JPN,2013-01-01,100.09577833333333
JPN,2014-01-01,100.91224999999999
JPN,2015-01-01,100.79301666666667
JPN,2016-01-01,100.58763333333333
JPN,2017-01-01,101.27086666666666
JPN,2018-01-01,101.59791666666666
JPN,2019-01-01,100.68361666666665
JPN,2020-01-01,98.80876083333334
JPN,2021-01-01,100.45870833333333
JPN,2022-01-01,100.593525
KOR,2003-01-01,98.33550818181817
KOR,2004-01-01,99.02580333333333
KOR,2005-01-01,99.31388
KOR,2006-01-01,99.94122499999999
KOR,2007-01-01,99.9303625
KOR,2008-01-01,99.23895499999999
KOR,2009-01-01,98.38747833333333
KOR,2010-01-01,100.55241666666666
KOR,2011-01-01,99.98232583333333
KOR,2012-01-01,98.903495
KOR,2013-01-01,99.00844083333334
KOR,2014-01-01,99.08524666666666
KOR,2015-01-01,98.79596583333334
KOR,2016-01-01,98.65172416666667
KOR,2017-01-01,99.17204833333334
KOR,2018-01-01,98.80219
KOR,2019-01-01,98.59158083333334
KOR,2020-01-01,97.72832249999999
KOR,2021-01-01,100.19968083333333
KOR,2022-01-01,99.4802475
LTU,2003-01-01,100.13965545454545
LTU,2004-01-01,101.78345833333333
LTU,2005-01-01,102.95321666666666
LTU,2006-01-01,105.07671666666666
LTU,2007-01-01,105.38683333333334
LTU,2008-01-01,99.77327416666667
LTU,2009-01-01,92.7330925
LTU,2010-01-01,98.607975
LTU,2011-01-01,101.01060583333333
LTU,2012-01-01,99.18805333333334
LTU,2013-01-01,101.5387
LTU,2014-01-01,100.84283333333333
LTU,2015-01-01,100.46793333333333
LTU,2016-01-01,100.91723333333334
LTU,2017-01-01,102.26954166666667
LTU,2018-01-01,102.71805
LTU,2019-01-01,102.21058333333333
LTU,2020-01-01,100.29115833333333
LTU,2021-01-01,103.65216666666667
LTU,2022-01-01,101.77616166666667
LUX,2003-01-01,98.91733272727274
LUX,2004-01-01,101.243035
LUX,2005-01-01,99.98948583333333
LUX,2006-01-01,101.18985833333333
LUX,2007-01-01,101.96205833333333
LUX,2008-01-01,99.62130333333333
LUX,2009-01-01,96.99637166666666
LUX,2010-01-01,99.17274666666667
LUX,2011-01-01,100.28799166666666
LUX,2012-01-01,97.64823333333334
LUX,2013-01-01,97.09460333333334
LUX,2014-01-01,97.9059875
LUX,2015-01-01,98.2118975
LUX,2016-01-01,99.8441775
LUX,2017-01-01,101.23246666666667
LUX,2018-01-01,100.79028333333333
LUX,2019-01-01,99.45400416666666
LUX,2020-01-01,99.01775083333332
LUX,2021-01-01,102.31931666666667
LUX,2022-01-01,101.04489666666666
LVA,2003-01-01,104.39144545454546
LVA,2004-01-01,104.29453333333333
LVA,2005-01-01,104.96010000000001
LVA,2006-01-01,105.32143333333333
LVA,2007-01-01,104.51141666666666
LVA,2008-01-01,97.21275916666667
LVA,2009-01-01,92.45140083333332
LVA,2010-01-01,99.32272999999999
LVA,2011-01-01,100.56495416666667
LVA,2012-01-01,101.07319166666667
LVA,2013-01-01,101.40831666666666
LVA,2014-01-01,100.91646666666666
LVA,2015-01-01,100.15451583333333
LVA,2016-01-01,100.97393333333333
LVA,2017-01-01,102.75597499999999
LVA,2018-01-01,103.20507500000001
LVA,2019-01-01,102.03411666666666
LVA,2020-01-01,100.02767416666666
LVA,2021-01-01,102.33333333333333
LVA,2022-01-01,100.75077833333334
MEX,2003-01-01,97.68347636363636
MEX,2004-01-01,100.73927166666665
MEX,2005-01-01,101.35694166666667
MEX,2006-01-01,102.50705833333335
MEX,2007-01-01,103.19002499999999
MEX,2008-01-01,98.4865775
MEX,2009-01-01,94.78481666666666
MEX,2010-01-01,102.05933750000001
MEX,2011-01-01,102.76591666666667
MEX,2012-01-01,102.16966666666667
MEX,2013-01-01,102.18470833333333
MEX,2014-01-01,100.84325833333332
MEX,2015-01-01,99.50622166666666
MEX,2016-01-01,99.01637333333333
MEX,2017-01-01,98.81649750000001
MEX,2018-01-01,100.2119525
MEX,2019-01-01,100.13926916666667
MEX,2020-01-01,95.30615999999999
MEX,2021-01-01,99.47033166666667
MEX,2022-01-01,100.14435583333334
NLD,2003-01-01,99.32347454545453
NLD,2004-01-01,100.34465
NLD,2005-01-01,100.27143166666667
NLD,2006-01-01,101.43609166666666
NLD,2007-01-01,101.50847499999999
NLD,2008-01-01,100.3674825
NLD,2009-01-01,97.78709250000001
NLD,2010-01-01,99.95783833333333
NLD,2011-01-01,100.260605
NLD,2012-01-01,99.52550583333334
NLD,2013-01-01,99.79090000000001
NLD,2014-01-01,100.39495833333332
NLD,2015-01-01,100.74414166666666
NLD,2016-01-01,100.84140000000001
NLD,2017-01-01,101.38180833333332
NLD,2018-01-01,101.45256666666667
NLD,2019-01-01,100.9618
NLD,2020-01-01,99.05207666666666
NLD,2021-01-01,101.50694166666666
NLD,2022-01-01,101.269525
NOR,2003-01-01,99.27041272727273
NOR,2004-01-01,101.36204166666666
NOR,2005-01-01,101.37514166666666
NOR,2006-01-01,102.20611666666667
NOR,2007-01-01,101.56298333333332
NOR,2008-01-01,98.97655083333332
NOR,2009-01-01,97.91453416666667
NOR,2010-01-01,100.585495
NOR,2011-01-01,100.89553333333333
NOR,2012-01-01,100.43424333333333
NOR,2013-01-01,100.1519025
NOR,2014-01-01,100.17154333333333
NOR,2015-01-01,98.459775
NOR,2016-01-01,98.85250333333333
NOR,2017-01-01,100.08322083333333
NOR,2018-01-01,100.88500833333335
NOR,2019-01-01,100.21560749999999
NOR,2020-01-01,98.55173500000001
NOR,2021-01-01,100.97674166666667
NOR,2022-01-01,99.7390825
NZL,2003-01-01,99.49585363636365
NZL,2004-01-01,99.351085
NZL,2005-01-01,98.28966083333334
NZL,2006-01-01,98.3329025
NZL,2007-01-01,98.90938666666666
NZL,2008-01-01,97.551775
NZL,2009-01-01,99.7663525
NZL,2010-01-01,101.48253333333332
NZL,2011-01-01,100.85022500000001
NZL,2012-01-01,101.04148333333335
NZL,2013-01-01,102.43475833333333
NZL,2014-01-01,102.12960833333334
NZL,2015-01-01,100.56292583333334
NZL,2016-01-01,101.068675
NZL,2017-01-01,100.9680675
NZL,2018-01-01,99.29857416666665
NZL,2019-01-01,98.37874916666668
NZL,2020-01-01,98.27984333333335
NZL,2021-01-01,99.64306333333333
NZL,2022-01-01,98.49377777777778
POL,2003-01-01,99.62031727272728
POL,2004-01-01,100.64858333333332
POL,2005-01-01,100.33361666666667
POL,2006-01-01,101.52836666666667
POL,2007-01-01,102.55781666666667
POL,2008-01-01,101.1414125
POL,2009-01-01,97.72921083333334
POL,2010-01-01,99.9876775
POL,2011-01-01,99.98312416666666
POL,2012-01-01,99.09867833333334
POL,2013-01-01,99.11852833333334
POL,2014-01-01,100.070025
POL,2015-01-01,100.32209166666667
POL,2016-01-01,100.42658333333333
POL,2017-01-01,101.29763333333334
POL,2018-01-01,102.14020833333332
POL,2019-01-01,101.14623333333333
POL,2020-01-01,97.92776166666665
POL,2021-01-01,100.18263583333334
POL,2022-01-01,98.89690916666667
PRT,2003-01-01,98.26081909090908
PRT,2004-01-01,100.10207416666667
PRT,2005-01-01,99.82372916666667
PRT,2006-01-01,100.604865
PRT,2007-01-01,102.35845
PRT,2008-01-01,99.37098916666667
PRT,2009-01-01,94.94072416666666
PRT,2010-01-01,98.6698875
PRT,2011-01-01,97.55555833333334
PRT,2012-01-01,96.16713333333333
PRT,2013-01-01,97.88399583333334
PRT,2014-01-01,100.07085833333333
PRT,2015-01-01,101.21962500000001
PRT,2016-01-01,101.37509999999999
PRT,2017-01-01,102.30065833333333
PRT,2018-01-01,101.73856666666667
PRT,2019-01-01,100.61269166666666
PRT,2020-01-01,96.51386500000001
PRT,2021-01-01,100.21073916666667
PRT,2022-01-01,100.25553166666667
SVK,2003-01-01,101.38376818181818
SVK,2004-01-01,102.04386666666666
SVK,2005-01-01,100.7938525
SVK,2006-01-01,102.20598333333334
SVK,2007-01-01,102.94744166666668
SVK,2008-01-01,98.232505
SVK,2009-01-01,95.45596416666666
SVK,2010-01-01,99.85123416666666
SVK,2011-01-01,99.999115
SVK,2012-01-01,98.88725583333333
SVK,2013-01-01,98.71650083333333
SVK,2014-01-01,99.89482249999999
SVK,2015-01-01,100.2140675
SVK,2016-01-01,100.75604166666666
SVK,2017-01-01,100.5337775
SVK,2018-01-01,100.15689166666665
SVK,2019-01-01,98.333305
SVK,2020-01-01,97.66893499999999
SVK,2021-01-01,99.42733583333334
SVK,2022-01-01,98.15266416666667
SVN,2003-01-01,98.87647545454546
SVN,2004-01-01,100.71551583333333
SVN,2005-01-01,100.15140000000001
SVN,2006-01-01,103.24446666666667
SVN,2007-01-01,103.4635
SVN,2008-01-01,98.6199325
SVN,2009-01-01,93.83473416666668
SVN,2010-01-01,100.26498249999999
SVN,2011-01-01,100.23277
SVN,2012-01-01,97.28407083333333
SVN,2013-01-01,98.81926166666666
SVN,2014-01-01,100.89680750000001
SVN,2015-01-01,101.85444166666667
SVN,2016-01-01,101.85566666666666
SVN,2017-01-01,103.04049166666665
SVN,2018-01-01,102.570925
SVN,2019-01-01,100.4454225
SVN,2020-01-01,97.8905325
SVN,2021-01-01,102.49332500000001
SVN,2022-01-01,100.30506083333334
SWE,2003-01-01,98.81110363636363
SWE,2004-01-01,99.902655
SWE,2005-01-01,99.2565225
SWE,2006-01-01,100.519625
SWE,2007-01-01,100.79879166666666
SWE,2008-01-01,98.68274666666667
SWE,2009-01-01,96.87087166666667
SWE,2010-01-01,100.71068583333333
SWE,2011-01-01,100.34974833333332
SWE,2012-01-01,98.85253
SWE,2013-01-01,98.85677500000001
SWE,2014-01-01,99.83445666666667
SWE,2015-01-01,100.19683916666666
SWE,2016-01-01,100.58214249999999
SWE,2017-01-01,102.25394166666666
SWE,2018-01-01,102.34668333333333
SWE,2019-01-01,100.2107275
SWE,2020-01-01,99.12355166666667
SWE,2021-01-01,103.39440833333333
SWE,2022-01-01,102.86720000000001
TUR,2003-01-01,99.47558272727274
TUR,2004-01-01,99.87188833333333
TUR,2005-01-01,99.54304416666668
TUR,2006-01-01,99.99227416666668
TUR,2007-01-01,101.25965000000001
TUR,2008-01-01,94.46907166666666
TUR,2009-01-01,92.88338749999998
TUR,2010-01-01,99.5523975
TUR,2011-01-01,100.43618833333333
TUR,2012-01-01,98.96975916666666
TUR,2013-01-01,99.67553416666668
TUR,2014-01-01,99.79218083333335
TUR,2015-01-01,99.30568166666667
TUR,2016-01-01,99.92415916666666
TUR,2017-01-01,100.97488083333333
TUR,2018-01-01,98.40200750000001
TUR,2019-01-01,97.36404833333334
TUR,2020-01-01,97.0996975
TUR,2021-01-01,101.88323333333334
TUR,2022-01-01,98.98299250000001
USA,2003-01-01,100.01725818181818
USA,2004-01-01,101.61703333333332
USA,2005-01-01,100.49013083333334
USA,2006-01-01,99.95553583333333
USA,2007-01-01,99.53108166666668
USA,2008-01-01,98.27705083333332
USA,2009-01-01,98.40589083333333
USA,2010-01-01,100.88631666666667
USA,2011-01-01,100.41337333333333
USA,2012-01-01,99.65781416666665
USA,2013-01-01,100.0511475
USA,2014-01-01,100.54163333333334
USA,2015-01-01,99.56398583333333
USA,2016-01-01,99.60343416666666
USA,2017-01-01,100.95114166666667
USA,2018-01-01,101.25065833333333
USA,2019-01-01,99.5401925
USA,2020-01-01,99.7813175
USA,2021-01-01,101.655975
USA,2022-01-01,100.06946416666666
